id;name;img;img_content_type
1;User-centric Gloves;../fake-data/blob/hipster.png;image/png
2;Mauritania;../fake-data/blob/hipster.png;image/png
3;facilitate Tasty Concrete Chips Exclusive;../fake-data/blob/hipster.png;image/png
4;Buckinghamshire capability zero tolerance;../fake-data/blob/hipster.png;image/png
5;mission-critical;../fake-data/blob/hipster.png;image/png
6;Berkshire Small Plastic Pants Investor;../fake-data/blob/hipster.png;image/png
7;Canadian Dollar;../fake-data/blob/hipster.png;image/png
8;Berkshire Designer;../fake-data/blob/hipster.png;image/png
9;Credit Card Account;../fake-data/blob/hipster.png;image/png
10;navigate;../fake-data/blob/hipster.png;image/png
